intervention,fpr,tpr
renal replacement,0.0,0.0
renal replacement,0.0,0.3333333333333333
renal replacement,0.1729106628242075,0.3333333333333333
renal replacement,0.1729106628242075,0.6666666666666666
renal replacement,0.9250720461095101,0.6666666666666666
renal replacement,0.9250720461095101,1.0
renal replacement,1.0,1.0
